symbol,name
AAPL,Apple Inc
AMGN,Amgen Inc
AMZN,Amazon.com Inc
AXP,American Express Co
BA,Boeing Co
CAT,Caterpillar Inc
CRM,Salesforce Inc
CSCO,Cisco Systems Inc
CVX,Chevron Corp
DIS,Walt Disney Co
DOW,Dow Inc
GS,Goldman Sachs Group Inc
HD,Home Depot Inc
HON,Honeywell International Inc
IBM,International Business Machines Corp
INTC,Intel Corp
JNJ,Johnson & Johnson
JPM,JPMorgan Chase & Co
KO,Coca-Cola Co
MCD,McDonaldâ€™s Corp
MMM,3M Co
MRK,Merck & Co Inc
MSFT,Microsoft Corp
NKE,Nike Inc
PG,Procter & Gamble Co
TRV,Travelers Companies Inc
UNH,Unitedhealth Group Inc
V,Visa Inc
VZ,Verizon Communications Inc
WMT,Walmart Inc